title,description,variations,pricePerVariation,stockPerVariation,imageUrls
212 - Carolina Herrera,"""Genero: Dama ; Usos recomendados: Diario / Oficina / Verano ; Familia: Floral ; Subfamilia(s): Floral amaderado ; Descripción: 🌸 212 es fresca, elegante y moderna. Con flores blancas y notas verdes, transmite limpieza y energía para usar todos los días. ; Metadata: 212 Woman es una fragancia floral–verde con flor de azahar, gardenia, almizcle blanco y sándalo. Representa espontaneidad y elegancia urbana, ideal para día, oficina o clima cálido. Su estela es suave, limpia y femenina. Palabras clave: 212 woman, carolina herrera, floral, verde, limpio, fresco, diario, elegante, femenino, DUVON.""",100 ml | 50 ml,119.9 | 74.9,1000 | 1000,https://memoriaback.iamhuble.space/n8nback/MKMT99OTO329CM.png
212 Heroes - Carolina Herrera,"""Genero: Caballero ; Usos recomendados: Casual / Diario / Verano ; Familia: Fougère ; Subfamilia(s): Aromático amaderado ; Descripción: ⚡ 212 Heroes tiene un aroma juvenil y moderno, con notas frutales y amaderadas. Perfecto para el día a día, proyecta libertad y frescura. ; Metadata: Fragancia aromática amaderada con pera, jengibre, cuero y almizcle. Su composición refleja energía y autenticidad, pensada para hombres libres y creativos. Ideal para uso casual, diario o climas templados, con una estela media y carácter contemporáneo. Palabras clave: 212 heroes, carolina herrera, frutal, cuero, jengibre, aromático, fresco, moderno, juvenil, casual, libre, DUVON.""",100 ml | 50 ml,119.9 | 74.9,1000 | 1000,https://memoriaback.iamhuble.space/n8nback/MKMTCMNX4JIE1K.png
212 VIP Black - Carolina Herrera,"""Genero: Caballero ; Usos recomendados: Fiesta / Noche / Citas ; Familia: Oriental / Ámbar ; Subfamilia(s): Oriental especiado ; Descripción: 🕶 212 VIP Black es audaz y magnética. Mezcla absenta, lavanda y vainilla para un aroma dulce, moderno y seductor. ; Metadata: 212 VIP Black es una fragancia oriental–especiada con absenta, lavanda, anís negro, vainilla y almizcle. Representa misterio y energía nocturna, ideal para citas, fiestas o ambientes elegantes. Su estela es dulce y envolvente. Palabras clave: 212 vip black, carolina herrera, absenta, lavanda, vainilla, dulce, cálido, moderno, seductor, DUVON.""",100 ml | 50 ml,119.9 | 74.9,1000 | 1000,https://memoriaback.iamhuble.space/n8nback/MKMTDRKCXKXFC9.png
212 VIP Men - Carolina Herrera,"""Genero: Caballero ; Usos recomendados: Noche / Fiesta / Citas ; Familia: Oriental / Ámbar ; Subfamilia(s): Oriental especiado ; Descripción: 🕺 212 VIP Men es energía pura y estilo moderno. Tiene un aroma dulce con ron, cuero y especias, ideal para noches de fiesta o momentos especiales. ; Metadata: Fragancia oriental amaderada con una mezcla audaz de ron, maracuyá, cuero y pimienta negra. Representa lujo y juventud, perfecta para noches, fiestas y eventos sociales. Su carácter magnético la hace destacar por su proyección intensa y aroma adictivo. Palabras clave: 212 vip men, carolina herrera, oriental, ron, cuero, especiado, dulce, moderno, fiesta, noche, masculino, magnético, DUVON.""",100 ml | 50 ml,119.9 | 74.9,1000 | 1000,https://memoriaback.iamhuble.space/n8nback/MKMTG61C5FG3QT.png
212 VIP Rosé - Carolina Herrera,"""Genero: Dama ; Usos recomendados: Fiesta / Verano / Casual ; Familia: Floral ; Subfamilia(s): Floral frutal ; Descripción: 🥂 212 VIP Rosé es chispeante, moderna y femenina. Con champaña rosada y flores suaves, es perfecta para el día o eventos sociales. ; Metadata: 212 VIP Rosé es una fragancia floral–afrutada con champaña rosada, flor de durazno, almizcle y ámbar. Transmite alegría, elegancia y glamour natural, ideal para verano, brunch o reuniones sociales. Su estela es fresca y sofisticada. Palabras clave: 212 vip rosé, carolina herrera, champaña, durazno, floral, afrutado, elegante, moderno, femenino, DUVON.""",100 ml | 50 ml,119.9 | 74.9,1000 | 1000,https://memoriaback.iamhuble.space/n8nback/MKMTHTKW822UMW.png
9PM - Afnan,"""Genero: Caballero ; Usos recomendados: Fiesta / Noche / Citas ; Familia: Gourmand ; Subfamilia(s): Oriental avainillado ; Descripción: 🌙 9PM es dulce, moderna y adictiva. Combina vainilla, canela y manzana para un aroma juvenil y seductor. ; Metadata: 9PM de Afnan es una fragancia oriental–gourmand con manzana, canela, lavanda, vainilla y tonka bean. Evoca energía nocturna y sensualidad, ideal para citas, fiestas o climas fríos. Su estela es intensa y su fijación excelente. Palabras clave: 9pm, afnan, vainilla, canela, manzana, dulce, cálido, moderno, nocturno, DUVON.""",100 ml | 50 ml,119.9 | 74.9,1000 | 1000,https://memoriaback.iamhuble.space/n8nback/MKMTIX07H35TC6.png
Acqua di Giò - Giorgio Armani,"""Genero: Caballero ; Usos recomendados: Diario / Oficina / Verano ; Familia: Acuática / Marina ; Subfamilia(s): Acuático aromático ; Descripción: 🌊 Acqua di Giò es sinónimo de frescura y elegancia. Un aroma limpio con notas marinas y cítricas, ideal para el día o la oficina. ; Metadata: Ícono de la perfumería masculina. Mezcla bergamota, jazmín, mandarina, romero y almizcle marino. Transmite pureza, elegancia y calma, siendo perfecta para uso diario, climas cálidos o contextos formales. Su estela es fresca, natural y refinada. Palabras clave: acqua di gio, giorgio armani, marino, cítrico, limpio, fresco, diario, oficina, elegante, clásico, DUVON.""",100 ml | 50 ml,119.9 | 74.9,1000 | 1000,https://memoriaback.iamhuble.space/n8nback/MKMTJOYKYGQZ4O.png
Acqua di Giò Profondo - Giorgio Armani,"""Genero: Caballero ; Usos recomendados: Diario / Oficina / Verano ; Familia: Acuática / Marina ; Subfamilia(s): Acuático aromático ; Descripción: 🌌 Acqua di Giò Profondo es más intensa y elegante. Mantiene la frescura marina, pero con un fondo amaderado y profundo. ; Metadata: Variante moderna del clásico Acqua di Giò, con notas de bergamota, pachulí, romero, y almizcles minerales. Evoca profundidad y serenidad, ideal para oficina, eventos formales o uso nocturno. Su fijación es alta y su proyección refinada. Palabras clave: acqua di gio profondo, giorgio armani, marino, amaderado, pachulí, elegante, profundo, intenso, formal, DUVON.""",100 ml | 50 ml,119.9 | 74.9,1000 | 1000,https://memoriaback.iamhuble.space/n8nback/MKMTKKG7GRM8MY.png
Althaïr - Parfums de Marly,"""Genero: Caballero ; Usos recomendados: Noche / Invierno / Citas ; Familia: Gourmand ; Subfamilia(s): Oriental avainillado ; Descripción: ✨ Althaïr es una vainilla bourbon moderna: dulce y cremosa pero con brillo cítrico/especiado, y un fondo almizclado–amaderado ultrasuave. Cálida, carismática y muy envolvente para noches, citas y otoño/invierno. ; Metadata: Oriental–avainillada con canela, cardamomo, flor de azahar y bergamota en la salida; corazón de vainilla bourbon y elemi; base de praliné, almizcle, ambroxan, madera de guayaco, tonka y almendra confitada. Firma: gourmand refinada, de gran duración y estela envolvente. Palabras clave: althaïr, parfums de marly, vainilla bourbon, canela, cardamomo, praliné, ambroxan, cálido, dulce, seductor, duradero, DUVON.""",100 ml | 50 ml,119.9 | 74.9,1000 | 1000,https://memoriaback.iamhuble.space/n8nback/MKMTLF0WE70376.png
Amber Oud - Al Haramain,"""Genero: Unisex ; Usos recomendados: Noche / Invierno / Formal ; Familia: Oriental / Ámbar ; Subfamilia(s): Amaderado oud ; Descripción: 🕯 Amber Oud es ambarada, elegante y versátil. Con ámbar, vainilla y maderas, ofrece un equilibrio entre dulzura y frescura. ; Metadata: Amber Oud de Al Haramain es una fragancia oriental–amaderada con ámbar, vainilla, cedro, pachulí y almizcle blanco. Evoca lujo sutil y sofisticación clásica, ideal para día o noche. Palabras clave: amber oud, al haramain, ámbar, vainilla, amaderado, cálido, elegante, unisex, DUVON.""",100 ml | 50 ml,119.9 | 74.9,1000 | 1000,https://memoriaback.iamhuble.space/n8nback/MKMTMV16N5OY7Q.png
Angel - Thierry Mugler,"""Genero: Dama ; Usos recomendados: Noche / Invierno / Fiesta ; Familia: Gourmand ; Subfamilia(s): Oriental gourmand ; Descripción: 💫 Angel es dulce, potente y adictiva. Con caramelo, chocolate y pachulí, es una fragancia inolvidable y con mucha personalidad. ; Metadata: Angel es una fragancia gourmand–oriental con caramelo, chocolate, miel, pachulí y vainilla. Fue pionera en el estilo dulce moderno, proyectando fuerza, sensualidad y confianza. Ideal para noche o invierno, con fijación altísima. Palabras clave: angel, thierry mugler, caramelo, pachulí, chocolate, dulce, cálido, intenso, clásico, DUVON.""",100 ml | 50 ml,119.9 | 74.9,1000 | 1000,https://memoriaback.iamhuble.space/n8nback/MKMTOO7XP1IYV6.png
Aventus - Creed,"""Genero: Caballero ; Usos recomendados: Oficina / Formal / Noche ; Familia: Chipre ; Subfamilia(s): Chipre frutal ; Descripción: 👑 Aventus es elegante, potente y distinguido. Con piña, abedul y almizcle, proyecta éxito, sofisticación y confianza. ; Metadata: Aventus es una fragancia chipre–frutal con piña, grosella negra, abedul, pachulí y almizcle. Representa liderazgo y refinamiento, ideal para uso diario elegante o eventos formales. Su estela es refinada, masculina y duradera. Palabras clave: aventus, creed, piña, abedul, almizcle, frutal, elegante, sofisticado, clásico, masculino, DUVON.""",100 ml | 50 ml,119.9 | 74.9,1000 | 1000,https://memoriaback.iamhuble.space/n8nback/MKMTPMRAVRBTMG.png
Baccarat Rouge 540 - Maison Francis Kurkdjian,"""Genero: Unisex ; Usos recomendados: Noche / Citas / Invierno ; Familia: Oriental / Ámbar ; Subfamilia(s): Oriental gourmand ; Descripción: ✨ Baccarat Rouge 540 es cristalina y envolvente: ámbar aireado con jazmín y madera dulce. Sofisticación que deja estela. ; Metadata: Ámbar–floral amaderada con jazmín y azafrán; base de ámbar gris/ambroxan y cedro. ADN aéreo, dulce–mineral de gran proyección y fijación. Perfecta para día/noche, eventos y clima templado. Palabras clave: baccarat rouge 540, mfk, ámbar, ambroxan, jazmín, azafrán, elegante, unisex, DUVON.""",100 ml | 50 ml,119.9 | 74.9,1000 | 1000,https://memoriaback.iamhuble.space/n8nback/MKMTQLYDVH41UT.png
Bad Boy - Carolina Herrera,"""Genero: Caballero ; Usos recomendados: Noche / Fiesta / Invierno ; Familia: Oriental / Ámbar ; Subfamilia(s): Oriental especiado ; Descripción: ⚡ Bad Boy combina dulzura, cacao y especias. Es moderno y seductor, ideal para noches o citas. ; Metadata: Fragancia oriental especiada, con pimienta negra, cacao, haba tonka y cedro. Transmite rebeldía y elegancia moderna, perfecta para noches, eventos o climas fríos. Palabras clave: bad boy, carolina herrera, cacao, haba tonka, especiado, cálido, moderno, masculino, DUVON.""",100 ml | 50 ml,119.9 | 74.9,1000 | 1000,https://memoriaback.iamhuble.space/n8nback/MKMTRFLLNT6331.png
Bade'e Al Oud Amethyst - Lattafa,"""Genero: Unisex ; Usos recomendados: Noche / Formal / Invierno ; Familia: Oriental / Ámbar ; Subfamilia(s): Amaderado oud ; Descripción: 💜 Bade’e Al Oud Amethyst es dulce, floral y elegante. Con rosa, oud y vainilla, equilibra fuerza y delicadeza. ; Metadata: Bade’e Al Oud Amethyst es una fragancia floral–oriental con rosa, azafrán, oud, vainilla y ámbar. Combina intensidad y elegancia, ideal para noches, otoño o invierno. Palabras clave: bade’e al oud amethyst, lattafa, rosa, oud, vainilla, floral, cálido, elegante, unisex, DUVON.""",100 ml | 50 ml,119.9 | 74.9,1000 | 1000,https://memoriaback.iamhuble.space/n8nback/MKMTUDIEI8QWVO.png
Bade'e Al Oud Honor & Glory - Lattafa,"""Genero: Unisex ; Usos recomendados: Formal / Noche / Invierno ; Familia: Oriental / Ámbar ; Subfamilia(s): Oriental especiado ; Descripción: ⚜️ Bade’e Al Oud Honor & Glory es cálida, gourmand y sofisticada. Con piña, canela y vainilla, tiene una dulzura elegante y cremosa. ; Metadata: Bade’e Al Oud Honor & Glory es una fragancia gourmand–oriental con piña, canela, vainilla, toffee, incienso y oud suave. Evoca lujo moderno con un toque árabe distintivo, ideal para noches y climas fríos. Palabras clave: bade’e al oud honor & glory, lattafa, piña, vainilla, toffee, gourmand, cálido, dulce, unisex, DUVON.""",100 ml | 50 ml,119.9 | 74.9,1000 | 1000,https://memoriaback.iamhuble.space/n8nback/MKMTSL7HAVBK6A.png
Bade’e Al Oud Noble Blush - Lattafa,"""Genero: Dama ; Usos recomendados: Noche / Invierno / Citas ; Familia: Oriental / Ámbar ; Subfamilia(s): Oriental especiado ; Descripción: 🌸 Bade’e Al Oud Noble Blush es floral, elegante y delicada. Con rosa, almizcle y vainilla, transmite feminidad suave y sofisticación árabe. ; Metadata: Bade’e Al Oud Noble Blush es una fragancia floral–almizclada oriental con rosa, peonía, vainilla, azafrán y almizcle blanco. Evoca pureza, ternura y elegancia refinada, ideal para día o eventos. Palabras clave: bade’e al oud noble blush, lattafa, rosa, vainilla, almizcle, floral, elegante, suave, femenino, DUVON.""",100 ml | 50 ml,119.9 | 74.9,1000 | 1000,
Bade'e Al Oud Sublime - Lattafa,"""Genero: Unisex ; Usos recomendados: Noche / Invierno / Citas ; Familia: Oriental / Ámbar ; Subfamilia(s): Amaderado especiado ; Descripción: 🕯 Bade’e Al Oud Sublime es elegante, resinosa y moderna. Con jazmín, vainilla y oud cremoso, transmite lujo y equilibrio. ; Metadata: Bade’e Al Oud Sublime es una fragancia oriental–floral ambarada con jazmín, rosa, vainilla, oud y ámbar. Tiene un perfil dulce, amaderado y sofisticado, ideal para día o noche. Palabras clave: bade’e al oud sublime, lattafa, jazmín, vainilla, oud, floral, cálido, elegante, unisex, DUVON.""",100 ml | 50 ml,119.9 | 74.9,1000 | 1000,https://memoriaback.iamhuble.space/n8nback/MKMTXLYSK9JHOA.png
Black Opium Glitter - Yves Saint Laurent,"""Genero: Dama ; Usos recomendados: Noche / Fiesta / Citas ; Familia: Gourmand ; Subfamilia(s): Oriental avainillado ; Descripción: ✨ Black Opium Glitter es moderna, adictiva y glamorosa. Con café, cereza y vainilla, es dulce y magnética. ; Metadata: Black Opium Glitter Edition es una fragancia gourmand–floral con café, cereza, jazmín, vainilla y almizcle. Representa energía y sensualidad intensa, ideal para noche o invierno. Palabras clave: black opium glitter, yves saint laurent, café, cereza, vainilla, floral, dulce, cálido, moderno, femenino, DUVON.""",100 ml | 50 ml,119.9 | 74.9,1000 | 1000,https://memoriaback.iamhuble.space/n8nback/MKMTZ2UKB4KVIL.png
Black Opium Over Red - Yves Saint Laurent,"""Genero: Dama ; Usos recomendados: Noche / Fiesta / Citas ; Familia: Gourmand ; Subfamilia(s): Oriental avainillado ; Descripción: 🔥 Black Opium Over Red es sensual, intensa y moderna. Con cereza, café y vainilla, es dulce, cálida y seductora. ; Metadata: Black Opium Over Red es una fragancia gourmand–floral con cereza negra, café, vainilla, jazmín y azahar. Transmite pasión y confianza, ideal para noche, citas o invierno. Palabras clave: black opium over red, yves saint laurent, cereza, café, vainilla, dulce, cálido, intenso, femenino, DUVON.""",100 ml | 50 ml,119.9 | 74.9,1000 | 1000,https://memoriaback.iamhuble.space/n8nback/MKMTZW77I218OB.png
Bleecker Street - Bond No. 9,"""Genero: Unisex ; Usos recomendados: Diario / Casual / Oficina ; Familia: Fougère ; Subfamilia(s): Aromático gourmand ; Descripción: 🗽 Bleecker Street es verde–gourmand sofisticado: grosella y arándano con vainilla y pachulí sobre maderas limpias. ; Metadata: Aromática–gourmand con violeta, grosella/arándano, canela, base de vainilla, caramelo suave, musgo y maderas. Chic neoyorquino, versátil y de buena duración para día o noche. Palabras clave: bleecker street, bond no.9, violeta, vainilla, frutas, verde, gourmand, unisex, DUVON.""",100 ml | 50 ml,119.9 | 74.9,1000 | 1000,https://memoriaback.iamhuble.space/n8nback/MKMU0QLJVP2Z6H.png
Bleu de Chanel - Chanel,"""Genero: Caballero ; Usos recomendados: Oficina / Noche / Diario ; Familia: Amaderada ; Subfamilia(s): Amaderado aromático ; Descripción: 💼 Bleu de Chanel es elegante, moderna y muy versátil. Ideal para oficina, salidas o citas, su aroma amaderado y cítrico nunca pasa desapercibido. ; Metadata: Fragancia amaderada aromática, con pomelo, incienso, jengibre y maderas nobles. Proyecta fuerza y refinamiento, perfecta para todo tipo de ocasión. Es un ícono del estilo masculino. Palabras clave: bleu de chanel, chanel, amaderado, cítrico, aromático, elegante, versátil, formal, DUVON.""",100 ml | 50 ml,119.9 | 74.9,1000 | 1000,https://memoriaback.iamhuble.space/n8nback/MKMU1XETJID9YN.png
Blue Seduction - Antonio Banderas,"""Genero: Caballero ; Usos recomendados: Diario / Casual / Verano ; Familia: Acuática / Marina ; Subfamilia(s): Acuático aromático ; Descripción: 💦 Blue Seduction es fresca y luminosa, con acordes acuáticos y toques frutales. Ideal para climas cálidos y uso diario. ; Metadata: Fragancia acuática-aromática con melón, bergamota, menta y almizcle. Transmite limpieza y naturalidad, perfecta para verano, oficina o actividades al aire libre. Su aroma es juvenil y fácil de usar. Palabras clave: blue seduction, antonio banderas, acuático, frutal, fresco, verano, diario, ligero, masculino, DUVON.""",100 ml | 50 ml,119.9 | 74.9,1000 | 1000,https://memoriaback.iamhuble.space/n8nback/MKMU2VDCY17ADD.png
Boss Bottled - Hugo Boss,"""Genero: Caballero ; Usos recomendados: Oficina / Formal / Diario ; Familia: Amaderada ; Subfamilia(s): Amaderado especiado ; Descripción: 🍎 Boss Bottled es cálida y elegante, con manzana, canela y maderas suaves. Perfecta para el trabajo o salidas formales. ; Metadata: Perfume amaderado especiado, con manzana, vainilla, canela y sándalo. Representa éxito y equilibrio, ideal para uso diario u oficina. Su estela es sobria pero distinguida. Palabras clave: boss bottled, hugo boss, manzana, canela, vainilla, amaderado, elegante, oficina, diario, DUVON.""",100 ml | 50 ml,119.9 | 74.9,1000 | 1000,https://memoriaback.iamhuble.space/n8nback/MKMU3HFQOV9DIZ.png
Can Can - Paris Hilton,"""Genero: Dama ; Usos recomendados: Casual / Diario / Verano ; Familia: Frutal ; Subfamilia(s): Floral frutal ; Descripción: 🎀 Can Can es dulce, coqueta y alegre. Con nectarina, flor de azahar y ámbar, combina energía y sensualidad. ; Metadata: Can Can es una fragancia floral–afrutada con nectarina, clementina, flor de azahar, ámbar y almizcle. Evoca feminidad divertida y romántica, ideal para día o noche. Palabras clave: can can, paris hilton, flor de azahar, ámbar, floral, frutal, dulce, coqueto, femenino, DUVON.""",100 ml | 50 ml,119.9 | 74.9,1000 | 1000,https://memoriaback.iamhuble.space/n8nback/MKMU4DEGX9U4HR.png
Carolina Herrera (For Women) - Carolina Herrera,"""Genero: Dama ; Usos recomendados: Oficina / Formal / Diario ; Familia: Floral ; Subfamilia(s): Floral aldehídico ; Descripción: 🌸 Carolina Herrera for Women es elegante, floral y sofisticada. Con jazmín y nardo, refleja feminidad clásica y refinada. ; Metadata: Carolina Herrera for Women es una fragancia floral–blanca con jazmín, nardo, azahar, sándalo y ámbar. Evoca feminidad atemporal y elegancia natural, ideal para día o noche, oficina o eventos. Palabras clave: carolina herrera for women, jazmín, nardo, floral, elegante, clásico, sofisticado, DUVON.""",100 ml | 50 ml,119.9 | 74.9,1000 | 1000,https://memoriaback.iamhuble.space/n8nback/MKMU518GYL4569.png
Chance - Chanel,"""Genero: Dama ; Usos recomendados: Diario / Oficina / Casual ; Familia: Chipre ; Subfamilia(s): Chipre floral ; Descripción: 🍀 Chance es fresca, femenina y elegante. Con jazmín, pimienta rosa y pachulí, ofrece un equilibrio entre energía y sofisticación. ; Metadata: Chance de Chanel es una fragancia floral–chipre moderna con jazmín, pimienta rosa, pachulí y almizcle. Transmite optimismo, alegría y elegancia moderna, ideal para día o noche, oficina o eventos sociales. Palabras clave: chance, chanel, jazmín, pimienta rosa, pachulí, floral, elegante, moderno, femenino, DUVON.""",100 ml | 50 ml,119.9 | 74.9,1000 | 1000,https://memoriaback.iamhuble.space/n8nback/MKMU5KKBYPWKD1.png
Chanel No. 5 - Chanel,"""Genero: Dama ; Usos recomendados: Formal / Noche / Oficina ; Familia: Floral ; Subfamilia(s): Floral aldehídico ; Descripción: 🌹 Chanel No. 5 es el ícono de la elegancia. Con aldehídos, jazmín y sándalo, representa sofisticación pura y atemporal. ; Metadata: Chanel No. 5 es una fragancia floral–aldehídica con jazmín, rosa, ylang-ylang, vainilla, vetiver y sándalo. Representa feminidad clásica, lujo y distinción, ideal para noches, eventos o momentos especiales. Palabras clave: chanel no.5, jazmín, aldehídos, rosa, vainilla, floral, clásico, elegante, femenino, DUVON.""",100 ml | 50 ml,119.9 | 74.9,1000 | 1000,https://memoriaback.iamhuble.space/n8nback/MKMU62NJJZ47IF.png
Cloud - Ariana Grande,"""Genero: Dama ; Usos recomendados: Diario / Casual / Citas ; Familia: Gourmand ; Subfamilia(s): Oriental gourmand ; Descripción: ☁️ Cloud es cremosa, reconfortante y sofisticada. Con lavanda, coco y praliné, es dulce pero elegante. ; Metadata: Cloud de Ariana Grande es una fragancia gourmand–almizclada con lavanda, pera, coco, praliné, vainilla y almizcle. Evoca ternura, calma y dulzura moderna, ideal para día o noche. Palabras clave: cloud, ariana grande, lavanda, coco, vainilla, dulce, gourmand, elegante, femenino, DUVON.""",100 ml | 50 ml,119.9 | 74.9,1000 | 1000,https://memoriaback.iamhuble.space/n8nback/MKMU6N2Q1W1CNT.png
Club de Nuit Intense Man - Armaf,"""Genero: Caballero ; Usos recomendados: Noche / Oficina / Formal ; Familia: Chipre ; Subfamilia(s): Chipre amaderado ; Descripción: ⚜️ Club de Nuit Intense Man es intensa, ahumada y elegante. Con piña, limón y abedul, ofrece un aroma poderoso y sofisticado. ; Metadata: Club de Nuit Intense Man es una fragancia chipre–amaderada con limón, grosella negra, piña, jazmín, rosa y abedul sobre fondo de almizcle, ámbar gris y pachulí. Es una versión más oscura y duradera del estilo Aventus, ideal para noches, eventos o climas templados. Palabras clave: club de nuit intense man, armaf, piña, limón, abedul, ámbar gris, ahumado, elegante, intenso, masculino, DUVON.""",100 ml | 50 ml,119.9 | 74.9,1000 | 1000,https://memoriaback.iamhuble.space/n8nback/MKMU7NFC056DGO.png
Coconut Passion - Victoria’s Secret,"""Genero: Dama ; Usos recomendados: Verano / Diario / Casual ; Familia: Gourmand ; Subfamilia(s): Floral avainillado ; Descripción: 🥥 Coconut Passion es tropical, cremosa y adictiva. Con coco y vainilla, deja una sensación veraniega y acogedora. ; Metadata: Coconut Passion es un body splash gourmand–tropical con coco, vainilla y flores blancas. Evoca playa, frescura y dulzura cálida, ideal para día o verano. Palabras clave: coconut passion, victoria’s secret, coco, vainilla, tropical, dulce, cálido, femenino, DUVON.""",100 ml | 50 ml,119.9 | 74.9,1000 | 1000,https://memoriaback.iamhuble.space/n8nback/MKMU8JWQMY78NS.png
Emporio Armani Stronger With You Tobacco - Giorgio Armani,"""Genero: Caballero ; Usos recomendados: Noche / Invierno / Citas ; Familia: Oriental / Ámbar ; Subfamilia(s): Oriental especiado ; Descripción: 🍂 Stronger With You Tobacco es cálida, dulce y envolvente. Combina tabaco, vainilla y especias, creando un aroma elegante y adictivo para noches frías. ; Metadata: Stronger With You Tobacco es una fragancia oriental–especiada con tabaco tostado, vainilla cremosa, ámbar y cardamomo. Transmite sofisticación moderna y calidez masculina, ideal para citas, invierno o ambientes elegantes. Su fijación es intensa y su estela seductora. Palabras clave: stronger with you tobacco, giorgio armani, tabaco, vainilla, ámbar, cálido, dulce, elegante, noche, DUVON.""",100 ml | 50 ml,119.9 | 74.9,1000 | 1000,https://memoriaback.iamhuble.space/n8nback/MKMUB5SQ4RLJML.png
Erba Pura - Xerjoff,"""Genero: Unisex ; Usos recomendados: Fiesta / Verano / Diario ; Familia: Frutal ; Subfamilia(s): Frutal ámbar ; Descripción: 🍊 Erba Pura es cítrica–dulce y brillante: cóctel de frutas sobre almizcle y ámbar limpio. Festiva y muy duradera. ; Metadata: Frutal–almizclada ambarada con naranja/mandarina, limón, frutas exóticas, base almizcle blanco, vainilla y ámbar. ADN jugoso y radiante, proyección alta. Ideal para verano/noche y fiestas. Palabras clave: erba pura, xerjoff, cítrico, frutas, almizcle, vainilla, dulce, unisex, DUVON.""",100 ml | 50 ml,119.9 | 74.9,1000 | 1000,https://memoriaback.iamhuble.space/n8nback/MKMUESWV124PFY.png
Eros - Versace,"""Genero: Caballero ; Usos recomendados: Fiesta / Noche / Citas ; Familia: Oriental / Ámbar ; Subfamilia(s): Oriental fresco ; Descripción: 💘 Eros es sensual, potente y adictivo. Combina menta, manzana verde y vainilla, ideal para noches o citas. ; Metadata: Perfume oriental-fresco con menta, manzana verde, haba tonka y vainilla. Proyecta fuerza y pasión, ideal para fiestas o climas fríos. Su estela es intensa y duradera. Palabras clave: eros, versace, menta, vainilla, dulce, especiado, fiesta, noche, masculino, DUVON.""",100 ml | 50 ml,119.9 | 74.9,1000 | 1000,https://memoriaback.iamhuble.space/n8nback/MKMUGIB0XGQALI.png
Eros Flame - Versace,"""Genero: Caballero ; Usos recomendados: Noche / Invierno / Citas ; Familia: Oriental / Ámbar ; Subfamilia(s): Oriental especiado ; Descripción: 🔥 Eros Flame es apasionada y vibrante. Con mandarina, pimienta y vainilla, combina fuerza, dulzura y elegancia. ; Metadata: Eros Flame es una fragancia oriental–especiada con mandarina, pimienta negra, tonka bean, vainilla y cedro. Transmite pasión y confianza, ideal para noche, citas o climas fríos, con proyección potente y aroma duradero. Palabras clave: eros flame, versace, vainilla, tonka, mandarina, cálido, especiado, intenso, masculino, DUVON""",100 ml | 50 ml,119.9 | 74.9,1000 | 1000,https://memoriaback.iamhuble.space/n8nback/MKMUFL5S4RGI5U.png
Eros Pour Femme - Versace,"""Genero: Dama ; Usos recomendados: Noche / Citas / Formal ; Familia: Floral ; Subfamilia(s): Floral cítrico ; Descripción: 💛 Eros Pour Femme es sensual, elegante y poderosa. Con limón, jazmín y almizcle, combina frescura y seducción. ; Metadata: Eros Pour Femme es una fragancia floral–cítrica con limón siciliano, jazmín, peonía, almizcle y sándalo. Evoca seguridad, energía y feminidad fuerte, ideal para día o noche. Palabras clave: eros pour femme, versace, limón, jazmín, cítrico, floral, elegante, moderno, femenino, DUVON.""",100 ml | 50 ml,119.9 | 74.9,1000 | 1000,https://memoriaback.iamhuble.space/n8nback/MKMUHF6CMBJP0D.png
Fahrenheit - Dior,"""Genero: Caballero ; Usos recomendados: Noche / Invierno / Formal ; Familia: Fougère ; Subfamilia(s): Amaderado cuero ; Descripción: 🔥 Fahrenheit es icónica y audaz. Su mezcla de cuero, violeta y ámbar crea un aroma cálido y poderoso. ; Metadata: Fragancia amaderada-cuero con violeta, cuero, ámbar y almizcle. Proyecta carácter, intensidad y elegancia clásica, perfecta para noches frías o ambientes formales. Palabras clave: fahrenheit, dior, cuero, violeta, ámbar, intenso, clásico, masculino, DUVON.""",100 ml | 50 ml,119.9 | 74.9,1000 | 1000,https://memoriaback.iamhuble.space/n8nback/MKMUIOIAXI0001.png
Fakhar Extrait - Lattafa,"""Genero: Caballero ; Usos recomendados: Noche / Fiesta / Invierno ; Familia: Oriental / Ámbar ; Subfamilia(s): Oriental especiado ; Descripción: 🏅 Fakhar Extrait es potente, dulce y sofisticada. Con notas de vainilla, ámbar y cuero, proyecta lujo árabe con modernidad. ; Metadata: Fakhar Extrait es una fragancia oriental–amaderada con vainilla, cuero, ámbar, lavanda y sándalo. Tiene gran presencia y duración, ideal para noches, eventos o invierno. Su estela es intensa y envolvente. Palabras clave: fakhar extrait, lattafa, vainilla, ámbar, cuero, cálido, elegante, intenso, masculino, DUVON.""",100 ml | 50 ml,119.9 | 74.9,1000 | 1000,https://memoriaback.iamhuble.space/n8nback/MKMUJAHOUG36L8.png
Fame - Paco Rabanne,"""Genero: Dama ; Usos recomendados: Diario / Casual / Verano ; Familia: Floral ; Subfamilia(s): Floral gourmand ; Descripción: ⭐ Fame es luminosa, moderna y elegante. Con mango, vainilla y jazmín, combina dulzura y sofisticación. ; Metadata: Fame es una fragancia floral–afrutada–amaderada con mango, bergamota, jazmín, incienso y vainilla. Representa glamour y empoderamiento femenino, ideal para día o noche. Palabras clave: fame, paco rabanne, mango, jazmín, vainilla, floral, dulce, moderno, elegante, femenino, DUVON.""",100 ml | 50 ml,119.9 | 74.9,1000 | 1000,https://memoriaback.iamhuble.space/n8nback/MKMUKGESV59CSI.png
Fantasy - Britney Spears,"""Genero: Dama ; Usos recomendados: Noche / Citas / Casual ; Familia: Gourmand ; Subfamilia(s): Oriental avainillado ; Descripción: 💗 Fantasy es dulce, juvenil y romántica. Con kiwi, pastel y vainilla, es irresistible y divertida. ; Metadata: Fantasy es una fragancia gourmand–frutal con kiwi, lichi, pastel de cupcake, chocolate blanco y almizcle. Representa alegría y dulzura inocente, ideal para día o clima templado. Palabras clave: fantasy, britney spears, kiwi, pastel, vainilla, dulce, gourmand, juvenil, femenino, DUVON.""",100 ml | 50 ml,119.9 | 74.9,1000 | 1000,https://memoriaback.iamhuble.space/n8nback/MKMUME0HWJ8PNT.png
Good Girl - Carolina Herrera,"""Genero: Dama ; Usos recomendados: Fiesta / Noche / Citas ; Familia: Oriental / Ámbar ; Subfamilia(s): Oriental floral ; Descripción: 👠 Good Girl es elegante, sensual y sofisticada. Mezcla jazmín, cacao y vainilla para un aroma dulce y seductor que nunca pasa desapercibido. ; Metadata: Good Girl es una fragancia oriental–floral con jazmín sambac, almendra, cacao, tonka y café. Representa dualidad femenina: poder y dulzura, ideal para noches, citas o eventos elegantes. Su estela es intensa y duradera. Palabras clave: good girl, carolina herrera, jazmín, vainilla, tonka, cacao, dulce, cálido, elegante, femenino, DUVON.""",100 ml | 50 ml,119.9 | 74.9,1000 | 1000,https://memoriaback.iamhuble.space/n8nback/MKMUN9MTK4ZX48.png
Good Girl Supreme - Carolina Herrera,"""Genero: Dama ; Usos recomendados: Fiesta / Noche / Invierno ; Familia: Oriental / Ámbar ; Subfamilia(s): Oriental gourmand ; Descripción: 👠 Good Girl Supreme es intensa, dulce y seductora. Con jazmín, frutos rojos y tonka, combina poder y elegancia. ; Metadata: Good Girl Supreme es una fragancia oriental–gourmand con jazmín egipcio, frutos rojos, tonka bean, vetiver y almizcle. Representa lujo femenino y sensualidad moderna, ideal para noche o invierno. Palabras clave: good girl supreme, carolina herrera, jazmín, frutos rojos, tonka, dulce, cálido, elegante, femenino, DUVON.""",100 ml | 50 ml,119.9 | 74.9,1000 | 1000,https://memoriaback.iamhuble.space/n8nback/MKMUNT0O0E1HQ0.png
Herod - Parfums de Marly,"""Genero: Caballero ; Usos recomendados: Noche / Invierno / Citas ; Familia: Oriental / Ámbar ; Subfamilia(s): Oriental tabaco ; Descripción: 🔥 Herod es cálida, dulce y seductora. Con tabaco, canela y vainilla, proyecta una elegancia adictiva y envolvente. ; Metadata: Herod es una fragancia oriental–amaderada con tabaco, vainilla, canela, incienso y pachulí. Transmite sofisticación masculina y calidez refinada, ideal para noches frías o eventos elegantes. Su fijación es sobresaliente. Palabras clave: herod, parfums de marly, tabaco, vainilla, canela, cálido, dulce, elegante, duradero, DUVON.""",100 ml | 50 ml,119.9 | 74.9,1000 | 1000,https://memoriaback.iamhuble.space/n8nback/MKMUOTR48VZJ9B.png
Hugo - Hugo Boss,"""Genero: Caballero ; Usos recomendados: Diario / Oficina / Verano ; Familia: Aromática ; Subfamilia(s): Aromático verde ; Descripción: 🌿 Hugo es natural y fresco. Con lavanda, menta y manzana verde, es ideal para el día o la oficina. ; Metadata: Fragancia aromática-verde con lavanda, menta, pino y manzana verde. Representa espíritu libre y confianza, perfecta para uso diario y verano. Palabras clave: hugo, hugo boss, verde, menta, lavanda, fresco, diario, moderno, DUVON.""",100 ml | 50 ml,119.9 | 74.9,1000 | 1000,
Hugo Dark Blue - Hugo Boss,"""Genero: Caballero ; Usos recomendados: Noche / Citas / Invierno ; Familia: Oriental / Ámbar ; Subfamilia(s): Oriental especiado ; Descripción: 🌒 Hugo Dark Blue es audaz y moderna. Su combinación de jengibre, cardamomo y naranja le da un toque cálido y atrevido. ; Metadata: Perfume oriental–especiado con jengibre, pomelo, cardamomo y cedro. Transmite energía y sensualidad, ideal para citas o salidas nocturnas. Palabras clave: hugo dark blue, hugo boss, jengibre, cardamomo, cítrico, cálido, moderno, noche, DUVON.""",100 ml | 50 ml,119.9 | 74.9,1000 | 1000,https://memoriaback.iamhuble.space/n8nback/MKMUT4NVYDOLNA.png
Invictus - Paco Rabanne,"""Genero: Caballero ; Usos recomendados: Fiesta / Noche / Casual ; Familia: Acuática / Marina ; Subfamilia(s): Acuático amaderado ; Descripción: 🏆 Invictus es fuerza y frescura. Combina notas marinas y amaderadas con un toque dulce que la hace adictiva. ; Metadata: Perfume acuático-amaderado con pomelo, hojas de laurel, ámbar gris y maderas. Representa energía, competencia y victoria, ideal para día o noche. Palabras clave: invictus, paco rabanne, acuático, amaderado, dulce, fresco, moderno, masculino, DUVON.""",100 ml | 50 ml,119.9 | 74.9,1000 | 1000,https://memoriaback.iamhuble.space/n8nback/MKMUUKY4992ZBC.png
Invictus Platinum - Paco Rabanne,"""Genero: Caballero ; Usos recomendados: Diario / Verano / Casual ; Familia: Aromática ; Subfamilia(s): Aromático amaderado ; Descripción: ⚡ Invictus Platinum es poderosa y fresca. Mezcla lavanda, pomelo y menta, proyectando fuerza y elegancia moderna. ; Metadata: Invictus Platinum es una fragancia aromática–amaderada con pomelo, lavanda, menta y pachulí. Evoca confianza, frescura y competitividad, ideal para uso diario o entrenamiento. Su estela es limpia, brillante y duradera. Palabras clave: invictus platinum, paco rabanne, lavanda, pomelo, menta, pachulí, fresco, moderno, masculino, DUVON.""",100 ml | 50 ml,119.9 | 74.9,1000 | 1000,https://memoriaback.iamhuble.space/n8nback/MKMUVFFNYKIPL5.png
Invictus Victory - Paco Rabanne,"""Genero: Caballero ; Usos recomendados: Fiesta / Noche / Citas ; Familia: Gourmand ; Subfamilia(s): Oriental avainillado ; Descripción: 🏅 Invictus Victory es intensa, cálida y adictiva. Combina vainilla, haba tonka y limón, creando una fragancia dulce con carácter masculino. ; Metadata: Invictus Victory es una fragancia oriental–gourmand con limón, vainilla, haba tonka, lavanda y ámbar. Equilibra frescura y calidez, proyectando energía, fuerza y sensualidad. Ideal para noches frías, citas o eventos elegantes, con una estela poderosa y duradera. Palabras clave: invictus victory, paco rabanne, vainilla, tonka, dulce, cítrico, cálido, intenso, masculino, DUVON.""",100 ml | 50 ml,119.9 | 74.9,1000 | 1000,https://memoriaback.iamhuble.space/n8nback/MKMUW7D7N9CZLV.png
Invictus Victory Elixir - Paco Rabanne,"""Genero: Caballero ; Usos recomendados: Noche / Fiesta / Citas ; Familia: Oriental / Ámbar ; Subfamilia(s): Oriental gourmand ; Descripción: ⚜️ Invictus Victory Elixir es intensa, dulce y adictiva. Con vainilla, haba tonka y incienso, deja una huella cálida y sofisticada. ; Metadata: alt""",100 ml | 50 ml,119.9 | 74.9,1000 | 1000,https://memoriaback.iamhuble.space/n8nback/MKMUWRE2G6NEI5.png
Island Bliss - Armaf,"""Genero: Dama ; Usos recomendados: Verano / Casual / Diario ; Familia: Frutal ; Subfamilia(s): Floral frutal ; Descripción: 🏝 Island Bliss es fresca, exótica y elegante. Con coco, flores blancas y un toque amaderado, transmite la sensación de unas vacaciones tropicales. ; Metadata: Island Bliss de Armaf es una fragancia floral–tropical con coco, ylang-ylang, jazmín, almizcle blanco y maderas suaves. Representa alegría, frescura y feminidad natural, ideal para verano o día soleado. Palabras clave: island bliss, armaf, coco, jazmín, floral, tropical, fresco, elegante, femenino, DUVON.""",100 ml | 50 ml,119.9 | 74.9,1000 | 1000,https://memoriaback.iamhuble.space/n8nback/MKMUXVITIO6EUQ.png
J’Adore - Dior,"""Genero: Dama ; Usos recomendados: Diario / Oficina / Formal ; Familia: Floral ; Subfamilia(s): Floral frutal ; Descripción: 💐 J’Adore es luminosa, elegante y sofisticada. Con jazmín, pera y flores blancas, representa feminidad pura y moderna. ; Metadata: J’Adore es una fragancia floral–afrutada con jazmín, ylang-ylang, rosa damascena, pera y almizcle. Transmite lujo, equilibrio y feminidad radiante, ideal para día, eventos o climas templados. Palabras clave: j’adore, dior, jazmín, rosa, pera, floral, elegante, luminoso, femenino, DUVON.""",100 ml | 50 ml,119.9 | 74.9,1000 | 1000,https://memoriaback.iamhuble.space/n8nback/MKMUYZI0Z6NC31.png
Kenzo Flower by Kenzo - Kenzo,"""Genero: Dama ; Usos recomendados: Diario / Oficina / Formal ; Familia: Floral ; Subfamilia(s): Floral empolvado ; Descripción: 🌺 Flower by Kenzo es delicada, pura y poética. Con violeta, rosa y vainilla, irradia calma y elegancia. ; Metadata: Flower by Kenzo es una fragancia floral–empolvada con violeta, rosa, almizcle blanco y vainilla. Evoca pureza y romanticismo moderno, ideal para día, oficina o primavera. Palabras clave: flower by kenzo, violeta, rosa, floral, empolvado, elegante, femenino, DUVON.""",100 ml | 50 ml,119.9 | 74.9,1000 | 1000,
Khamrah - Lattafa,"""Genero: Unisex ; Usos recomendados: Noche / Citas / Invierno ; Familia: Oriental / Ámbar ; Subfamilia(s): Oriental gourmand ; Descripción: 🍮 Khamrah es dulce, cálida y envolvente. Con canela, dátil y vainilla, es intensa y elegante. ; Metadata: Khamrah es una fragancia gourmand–oriental con canela, nuez moscada, dátil, praliné, vainilla, ámbar y mirra. Representa lujo árabe y calidez moderna, ideal para noches o climas fríos. Palabras clave: khamrah, lattafa, canela, vainilla, dátil, gourmand, cálido, elegante, unisex, DUVON.""",100 ml | 50 ml,119.9 | 74.9,1000 | 1000,https://memoriaback.iamhuble.space/n8nback/MKMV11QOMSJUHV.png
Khamrah Qahwa - Lattafa,"""Genero: Unisex ; Usos recomendados: Invierno / Noche / Citas ; Familia: Gourmand ; Subfamilia(s): Oriental café ; Descripción: ☕ Khamrah Qahwa es dulce, especiada y adictiva. Con café, canela y vainilla, combina calidez árabe con elegancia moderna. ; Metadata: Khamrah Qahwa es una fragancia gourmand–especiada con café, canela, nuez moscada, vainilla, praliné y tonka bean. Representa energía, sofisticación y dulzura intensa, ideal para noche, invierno o clima templado. Palabras clave: khamrah qahwa, lattafa, café, canela, vainilla, dulce, cálido, gourmand, elegante, unisex, DUVON.""",100 ml | 50 ml,119.9 | 74.9,1000 | 1000,https://memoriaback.iamhuble.space/n8nback/MKMV1R491DSEVS.png
King - Bharara,"""Genero: Caballero ; Usos recomendados: Fiesta / Noche / Citas ; Familia: Oriental / Ámbar ; Subfamilia(s): Oriental especiado ; Descripción: 👑 King es elegante, dulce y poderosa. Con notas frutales, ambaradas y amaderadas, transmite lujo y seguridad con una fijación increíble. ; Metadata: King de Bharara es una fragancia oriental–afrutada con piña, manzana, bergamota y grosella negra en la salida; corazón de ámbar, cedro y jazmín; fondo de almizcle, pachulí y vainilla. Evoca lujo moderno, energía y carisma, ideal para día o noche, con una estela intensa y duradera. Palabras clave: king, bharara, piña, ámbar, vainilla, frutal, amaderado, dulce, elegante, intenso, masculino, DUVON.""",100 ml | 50 ml,119.9 | 74.9,1000 | 1000,https://memoriaback.iamhuble.space/n8nback/MKMV2YL43PQUQH.png
L’Eau d’Issey - Issey Miyake,"""Genero: Caballero ; Usos recomendados: Diario / Verano / Casual ; Familia: Acuática / Marina ; Subfamilia(s): Acuático cítrico ; Descripción: 💦 L’Eau d’Issey es fresca, pura y elegante. Su mezcla de cítricos, flor de loto y maderas la convierte en una opción ideal para el día. ; Metadata: L’Eau d’Issey Pour Homme es una fragancia acuática–cítrica con yuzu, flor de loto, jengibre y sándalo. Representa armonía, frescura y sobriedad japonesa, ideal para climas cálidos, oficina o uso diario. Palabras clave: l’eau d’issey, issey miyake, cítrico, acuático, fresco, limpio, elegante, diario, clásico, DUVON.""",100 ml | 50 ml,119.9 | 74.9,1000 | 1000,https://memoriaback.iamhuble.space/n8nback/MKMV43EPGYQBWP.png
L’Immensité - Louis Vuitton,"""Genero: Caballero ; Usos recomendados: Diario / Oficina / Verano ; Familia: Amaderada ; Subfamilia(s): Amaderado especiado ; Descripción: 🦋 Layton es sofisticada y envolvente. Combina manzana, vainilla y lavanda para un aroma dulce, elegante y seductor. ; Metadata: Layton es una fragancia oriental–amaderada con manzana, lavanda, vainilla, geranio y sándalo. Equilibra frescura aromática con dulzura cálida, ideal para noches, citas o climas templados. Su estela es potente y elegante. Palabras clave: layton, parfums de marly, vainilla, manzana, lavanda, cálido, dulce, elegante, duradero, DUVON.""",100 ml | 50 ml,119.9 | 74.9,1000 | 1000,https://memoriaback.iamhuble.space/n8nback/MKMV52TPM7DC3S.png
La Belle Flower Edition - Jean Paul Gaultier,"""Genero: Dama ; Usos recomendados: Noche / Citas / Invierno ; Familia: Gourmand ; Subfamilia(s): Oriental floral ; Descripción: 🌺 La Belle Flower Edition es dulce, floral y seductora. Con pera, bergamota y vainilla, deja una estela irresistible y elegante. ; Metadata: La Belle Flower Edition es una fragancia floral–gourmand con pera, bergamota, iris, vetiver y vainilla. Representa romanticismo moderno y sensualidad suave, ideal para día o noche. Palabras clave: la belle flower edition, jean paul gaultier, pera, vainilla, floral, dulce, elegante, femenino, DUVON.""",100 ml | 50 ml,119.9 | 74.9,1000 | 1000,https://memoriaback.iamhuble.space/n8nback/MKMV617EJVXH1E.png
La Vie Est Belle - Lancôme,"""Genero: Dama ; Usos recomendados: Noche / Citas / Invierno ; Familia: Gourmand ; Subfamilia(s): Oriental avainillado ; Descripción: 🌸 La Vie Est Belle es dulce, femenina y luminosa. Su combinación de vainilla, praliné y flores la convierte en un clásico moderno. ; Metadata: La Vie Est Belle es una fragancia floral–gourmand con iris, jazmín, praliné, vainilla y pachulí. Evoca felicidad, optimismo y elegancia suave, ideal para día o noche. Su estela es dulce y duradera. Palabras clave: la vie est belle, lancôme, iris, praliné, vainilla, dulce, floral, elegante, femenino, DUVON.""",100 ml | 50 ml,119.9 | 74.9,1000 | 1000,https://memoriaback.iamhuble.space/n8nback/MKMV6W6OX4FSZE.png
Lady Million - Paco Rabanne,"""Genero: Dama ; Usos recomendados: Fiesta / Noche / Citas ; Familia: Floral ; Subfamilia(s): Floral frutal ; Descripción: 💎 Lady Million es glamurosa, dulce y sofisticada. Con miel, flores blancas y pachulí, refleja lujo y seguridad. ; Metadata: Lady Million es una fragancia floral–afrutada–amaderada con naranja amarga, miel, jazmín, flor de azahar y pachulí. Transmite feminidad audaz y elegancia moderna, ideal para noches, eventos o clima templado. Palabras clave: lady million, paco rabanne, miel, jazmín, floral, dulce, cálido, elegante, femenino, DUVON.""",100 ml | 50 ml,119.9 | 74.9,1000 | 1000,https://memoriaback.iamhuble.space/n8nback/MKMV7F8NCMWZAH.png
Layton - Parfums de Marly,"""Genero: Unisex ; Usos recomendados: Noche / Citas / Invierno ; Familia: Oriental / Ámbar ; Subfamilia(s): Oriental especiado ; Descripción: 🦋 Layton es elegante y adictiva: manzana fresca con lavanda y vainilla ambarada. Versátil y muy atractiva. ; Metadata: Oriental–amaderada aromática con manzana, bergamota, lavanda, geranio, base de vainilla, sándalo, cardamomo/ambrox. Gran proyección y fijación; sirve para día/noche y climas templados/fríos. Palabras clave: layton, parfums de marly, manzana, vainilla, lavanda, cálido, dulce, versátil, unisex, DUVON.""",100 ml | 50 ml,119.9 | 74.9,1000 | 1000,https://memoriaback.iamhuble.space/n8nback/MKMV8EKDZ0PT57.png
Le Beau - Jean Paul Gaultier,"""Genero: Caballero ; Usos recomendados: Verano / Casual / Diario ; Familia: Oriental / Ámbar ; Subfamilia(s): Oriental aromático ; Descripción: 🌴 Le Beau es fresca, sensual y exótica. Combina coco, tonka y bergamota para un aroma tropical con elegancia moderna. ; Metadata: Le Beau es una fragancia oriental–aromática con bergamota, coco, haba tonka y madera de sándalo. Representa tentación y frescura tropical, ideal para verano, citas o uso casual elegante. Su estela es dulce, cálida y seductora. Palabras clave: le beau, jean paul gaultier, coco, tonka, bergamota, dulce, cálido, tropical, elegante, masculino, DUVON.""",100 ml | 50 ml,119.9 | 74.9,1000 | 1000,https://memoriaback.iamhuble.space/n8nback/MKMV9ETMVCDYKM.png
Le Beau Paradise Garden - Jean Paul Gaultier,"""Genero: Caballero ; Usos recomendados: Diario / Verano / Casual ; Familia: Floral ; Subfamilia(s): Floral verde ; Descripción: 🌿 Le Beau Paradise Garden es fresca, tropical y refinada. Con notas verdes, coco y lavanda, evoca un paraíso natural lleno de elegancia. ; Metadata: Le Beau Paradise Garden es una fragancia floral–verde con coco, bergamota, lavanda, menta y sándalo. Proyecta frescura exótica y equilibrio elegante, ideal para días soleados, verano o climas templados. Su estela es suave, luminosa y moderna. Palabras clave: le beau paradise garden, jean paul gaultier, coco, verde, lavanda, menta, tropical, fresco, elegante, masculino, DUVON.""",100 ml | 50 ml,119.9 | 74.9,1000 | 1000,https://memoriaback.iamhuble.space/n8nback/MKMVA2E8C9LVFE.png
Le Male - Jean Paul Gaultier,"""Genero: Caballero ; Usos recomendados: Citas / Noche / Invierno ; Familia: Oriental / Ámbar ; Subfamilia(s): Oriental fougère ; Descripción: ⚓ Le Male es un clásico seductor. Mezcla lavanda, vainilla y menta, logrando un aroma dulce, fresco y masculino a la vez. ; Metadata: Le Male es una fragancia oriental–fougère con lavanda, menta, vainilla, canela y haba tonka. Combina frescura y sensualidad, ideal para citas, noches o climas fríos. Su estela es potente, duradera y reconocible. Palabras clave: le male, jean paul gaultier, lavanda, menta, vainilla, dulce, fougère, cálido, clásico, masculino, DUVON.""",100 ml | 50 ml,119.9 | 74.9,1000 | 1000,https://memoriaback.iamhuble.space/n8nback/MKMVB0JJA046DG.png
Le Male Elixir - Jean Paul Gaultier,"""Genero: Caballero ; Usos recomendados: Noche / Citas / Invierno ; Familia: Oriental / Ámbar ; Subfamilia(s): Oriental gourmand ; Descripción: ✨ Le Male Elixir es intenso y elegante. Con miel, tabaco y tonka, proyecta calidez, profundidad y seducción madura. ; Metadata: Le Male Elixir es una fragancia oriental–gourmand con miel, tabaco, vainilla, lavanda y haba tonka. Es más cálida y envolvente que el clásico Le Male, ideal para noches frías, citas o invierno. Palabras clave: le male elixir, jean paul gaultier, miel, tabaco, tonka, cálido, dulce, intenso, elegante, DUVON.""",100 ml | 50 ml,119.9 | 74.9,1000 | 1000,https://memoriaback.iamhuble.space/n8nback/MKMVBLGF3RPLOD.png
Light Blue Pour Homme - Dolce & Gabbana,"""Genero: Caballero ; Usos recomendados: Verano / Diario / Casual ; Familia: Cítrica ; Subfamilia(s): Cítrico aromático ; Descripción: 🌤️ Light Blue Pour Homme es fresca, cítrica y moderna. Con notas de pomelo, enebro y madera, es perfecta para días soleados o la oficina. ; Metadata: Light Blue Pour Homme es una fragancia cítrica–amaderada con pomelo, romero, incienso y musgo de roble. Evoca sensación mediterránea y limpieza natural, ideal para verano, rutina diaria o escapadas casuales. Palabras clave: light blue pour homme, dolce & gabbana, cítrico, fresco, amaderado, limpio, verano, elegante, DUVON.""",100 ml | 50 ml,119.9 | 74.9,1000 | 1000,https://memoriaback.iamhuble.space/n8nback/MKMVC6YRZQOHM6.png
Light Blue Woman - Dolce & Gabbana,"""Genero: Dama ; Usos recomendados: Verano / Diario / Casual ; Familia: Cítrica ; Subfamilia(s): Cítrico frutal ; Descripción: 🌤 Light Blue Woman es fresca, cítrica y luminosa. Con manzana verde, limón y cedro, transmite alegría mediterránea. ; Metadata: Light Blue Woman es una fragancia cítrica–frutal con limón siciliano, manzana verde, jazmín, bambú y cedro. Evoca verano, energía y elegancia casual, ideal para día, oficina o clima cálido. Palabras clave: light blue woman, dolce & gabbana, limón, manzana, cítrico, fresco, verano, alegre, femenino, DUVON.""",100 ml | 50 ml,119.9 | 74.9,1000 | 1000,https://memoriaback.iamhuble.space/n8nback/MKMVDG8EGRZF0T.png
Miss Dior (2012) - Dior,"""Genero: Dama ; Usos recomendados: Oficina / Formal / Citas ; Familia: Chipre ; Subfamilia(s): Chipre floral ; Descripción: 💖 Miss Dior es romántica, elegante y moderna. Con rosa, patchouli y almizcle, deja una estela suave y femenina. ; Metadata: Miss Dior (2012) es una fragancia chipre–floral con rosa, jazmín, mandarina italiana y patchouli. Transmite romanticismo y elegancia francesa, ideal para día, oficina o citas. Palabras clave: miss dior 2012, dior, rosa, patchouli, jazmín, floral, elegante, romántico, femenino, DUVON.""",100 ml | 50 ml,119.9 | 74.9,1000 | 1000,https://memoriaback.iamhuble.space/n8nback/MKMVEES312VLJD.png
Olympéa - Paco Rabanne,"""Genero: Dama ; Usos recomendados: Noche / Citas / Casual ; Familia: Oriental / Ámbar ; Subfamilia(s): Oriental avainillado ; Descripción: 🏛️ Olympéa es dulce, salada y sofisticada. Con vainilla, flor de jengibre y ámbar gris, combina fuerza y feminidad. ; Metadata: Olympéa es una fragancia oriental–floral con vainilla salada, flor de jengibre, jazmín y ámbar gris. Representa poder y sensualidad moderna, ideal para día o noche. Palabras clave: olympéa, paco rabanne, vainilla, ámbar gris, floral, dulce, elegante, moderno, femenino, DUVON.""",100 ml | 50 ml,119.9 | 74.9,1000 | 1000,https://memoriaback.iamhuble.space/n8nback/MKMVF2LVC0FMXD.png
Olympéa Parfum - Paco Rabanne,"""Genero: Dama ; Usos recomendados: Noche / Citas / Invierno ; Familia: Oriental / Ámbar ; Subfamilia(s): Oriental avainillado ; Descripción: 👑 Olympéa Parfum es poderosa, cálida y elegante. Con vainilla, ámbar y sal marina, combina dulzura y carácter. ; Metadata: Olympéa Parfum es una fragancia oriental–amaderada con vainilla salada, ámbar gris, flor de jengibre y sándalo. Representa lujo femenino y magnetismo moderno, ideal para noches o eventos. Palabras clave: olympéa parfum, paco rabanne, vainilla, ámbar gris, floral, cálido, elegante, femenino, DUVON.""",100 ml | 50 ml,119.9 | 74.9,1000 | 1000,https://memoriaback.iamhuble.space/n8nback/MKMVFN60KHC8XC.png
One Million - Paco Rabanne,"""Genero: Caballero ; Usos recomendados: Fiesta / Noche / Citas ; Familia: Oriental / Ámbar ; Subfamilia(s): Oriental especiado ; Descripción: 💰 One Million es potente, dulce y seductor. Con canela, cuero y ámbar, transmite lujo, confianza y presencia. ; Metadata: One Million es una fragancia oriental–especiada con canela, cuero, ámbar, rosa y mandarina. Representa éxito y atracción, ideal para noches, fiestas o climas fríos. Su estela es fuerte y duradera. Palabras clave: one million, paco rabanne, dulce, cuero, canela, ámbar, cálido, intenso, elegante, DUVON.""",100 ml | 50 ml,119.9 | 74.9,1000 | 1000,https://memoriaback.iamhuble.space/n8nback/MKMVGOFJ4QB756.png
One Million Elixir - Paco Rabanne,"""Genero: Caballero ; Usos recomendados: Noche / Citas / Invierno ; Familia: Oriental / Ámbar ; Subfamilia(s): Oriental gourmand ; Descripción: 🪙 One Million Elixir es lujosa, dulce y potente. Con vainilla, davana y madera de cedro, transmite intensidad y elegancia nocturna. ; Metadata: One Million Elixir es una fragancia oriental–gourmand intensa con davana, vainilla, benjuí, haba tonka y cedro. Proyecta lujo y poder refinado, ideal para noches frías, citas o eventos especiales. Su estela es fuerte y duradera. Palabras clave: one million elixir, paco rabanne, vainilla, davana, benjuí, cálido, dulce, intenso, elegante, DUVON""",100 ml | 50 ml,119.9 | 74.9,1000 | 1000,https://memoriaback.iamhuble.space/n8nback/MKMVHA9HWTYQGH.png
One Million Intense - Paco Rabanne,"""Genero: Caballero ; Usos recomendados: Fiesta / Citas / Invierno ; Familia: Oriental / Ámbar ; Subfamilia(s): Oriental gourmand ; Descripción: 🪙 One Million Intense es más cálido y sofisticado que el original. Mantiene el toque dulce, pero con un fondo más especiado y elegante. ; Metadata: One Million Intense es una fragancia oriental–gourmand con azafrán, canela, cuero, rosa y ámbar. Proyecta poder y sensualidad madura, ideal para citas, noches o eventos especiales. Palabras clave: one million intense, paco rabanne, cálido, dulce, especiado, cuero, ámbar, elegante, masculino, DUVON.""",100 ml | 50 ml,119.9 | 74.9,1000 | 1000,https://memoriaback.iamhuble.space/n8nback/MKMVHVJA62BTZ3.png
One Million Lucky - Paco Rabanne,"""Genero: Caballero ; Usos recomendados: Noche / Citas / Casual ; Familia: Gourmand ; Subfamilia(s): Oriental avainillado ; Descripción: 🍯 One Million Lucky es dulce, moderna y adictiva. Combina miel, avellana y ciruela para un aroma cálido y envolvente. ; Metadata: One Million Lucky es una fragancia oriental–gourmand con avellana, miel, ciruela, pachulí y madera de ámbar. Evoca sensualidad joven y sofisticación, ideal para citas, noches o climas templados. Palabras clave: one million lucky, paco rabanne, miel, avellana, dulce, cálido, gourmand, moderno, masculino, DUVON.""",100 ml | 50 ml,119.9 | 74.9,1000 | 1000,https://memoriaback.iamhuble.space/n8nback/MKMVIRXBIM5CTE.png
Oud for Greatness - Initio Parfums Privés,"""Genero: Unisex ; Usos recomendados: Noche / Formal / Invierno ; Familia: Oriental / Ámbar ; Subfamilia(s): Amaderado oud ; Descripción: 👑 Oud for Greatness es potente y majestuosa: azafrán y lavanda sobre un oud limpio y ambarado. Impacto total de noche. ; Metadata: Ambarada–oud especiada con azafrán, lavanda, nuez moscada, corazón de madera de oud y base ámbar–almizcle–patchouli. Firma oscura, sofisticada y muy duradera; ideal para eventos, invierno y noche. Palabras clave: oud for greatness, initio, oud, azafrán, especiado, intenso, elegante, unisex, DUVON.""",100 ml | 50 ml,119.9 | 74.9,1000 | 1000,https://memoriaback.iamhuble.space/n8nback/MKMVJIOHD1LT4A.png
Oud Maracujá - Maison Crivelli,"""Genero: Unisex ; Usos recomendados: Verano / Diario / Casual ; Familia: Frutal ; Subfamilia(s): Frutal tropical ; Descripción: 🥭 Oud Maracujá es exótica, tropical y lujosa. Con maracuyá, oud y azafrán, es intensa y sofisticada. ; Metadata: Oud Maracujá de Maison Crivelli es una fragancia oriental–afrutada con maracuyá, azafrán, oud, rosa y cuero. Representa originalidad, contraste y elegancia contemporánea, ideal para noches o climas templados. Palabras clave: oud maracujá, maison crivelli, maracuyá, oud, azafrán, afrutado, exótico, elegante, unisex, DUVON.""",100 ml | 50 ml,119.9 | 74.9,1000 | 1000,https://memoriaback.iamhuble.space/n8nback/MKMVK2PSQ9M01U.png
Paris Hilton Woman - Paris Hilton,"""Genero: Dama ; Usos recomendados: Diario / Casual / Verano ; Familia: Floral ; Subfamilia(s): Floral frutal ; Descripción: 👑 Paris Hilton Woman es floral, chispeante y moderna. Con manzana, mimosa y jazmín, es dulce y elegante. ; Metadata: Paris Hilton Woman es una fragancia floral–afrutada con manzana, mimosa, jazmín, azahar y sándalo. Representa frescura glamorosa y confianza femenina, ideal para día o eventos casuales. Palabras clave: paris hilton woman, manzana, jazmín, floral, frutal, fresco, moderno, femenino, DUVON.""",100 ml | 50 ml,119.9 | 74.9,1000 | 1000,https://memoriaback.iamhuble.space/n8nback/MKMVM50YOZDFSL.png
Phantom - Paco Rabanne,"""Genero: Caballero ; Usos recomendados: Fiesta / Noche / Citas ; Familia: Oriental / Ámbar ; Subfamilia(s): Oriental aromático ; Descripción: 🤖 Phantom es futurista y dulce, mezcla de lavanda, vainilla y limón. Perfecta para destacar en la noche. ; Metadata: Perfume oriental-aromático con lavanda, vainilla, limón y vetiver. Combina tecnología y energía joven, ideal para fiestas o salidas nocturnas. Palabras clave: phantom, paco rabanne, lavanda, vainilla, dulce, futurista, noche, moderno, masculino, DUVON.""",100 ml | 50 ml,119.9 | 74.9,1000 | 1000,https://memoriaback.iamhuble.space/n8nback/MKMVN5S5S8EHP3.png
Polo Black - Ralph Lauren,"""Genero: Caballero ; Usos recomendados: Noche / Formal / Invierno ; Familia: Amaderada ; Subfamilia(s): Amaderado especiado ; Descripción: 🖤 Polo Black es elegante y misteriosa. Mezcla mango, madera y pachulí, perfecta para la noche o la oficina. ; Metadata: Polo Black es una fragancia amaderada–aromática con mango helado, tonka, pachulí y sándalo. Proyecta modernidad y elegancia, ideal para uso nocturno o profesional. Su estela es refinada y sobria. Palabras clave: polo black, ralph lauren, amaderado, pachulí, tonka, elegante, moderno, formal, DUVON.""",100 ml | 50 ml,119.9 | 74.9,1000 | 1000,https://memoriaback.iamhuble.space/n8nback/MKMVNU6DHU39RT.png
Polo Blue - Ralph Lauren,"""Genero: Caballero ; Usos recomendados: Diario / Oficina / Verano ; Familia: Acuática / Marina ; Subfamilia(s): Acuático aromático ; Descripción: 💦 Polo Blue es fresca, limpia y elegante. Su mezcla de melón, pepino y almizcle proyecta una sensación de pureza y equilibrio ideal para el día. ; Metadata: Polo Blue es una fragancia acuática–aromática con melón, pepino, albahaca, almizcle y musgo de roble. Transmite libertad, serenidad y frescura clásica, perfecta para uso diario, oficina o climas cálidos. Palabras clave: polo blue, ralph lauren, fresco, acuático, almizcle, melón, limpio, diario, elegante, DUVON.""",100 ml | 50 ml,119.9 | 74.9,1000 | 1000,https://memoriaback.iamhuble.space/n8nback/MKMVOC5GP316GN.png
Qaed Al Fursan - Lattafa,"""Genero: Unisex ; Usos recomendados: Noche / Invierno / Citas ; Familia: Oriental / Ámbar ; Subfamilia(s): Oriental avainillado ; Descripción: 🖤 Qaed Al Fursan es amaderada, oriental y elegante. Con piña, vainilla y cuero, equilibra dulzura y carácter. ; Metadata: Qaed Al Fursan es una fragancia oriental–amaderada con piña, azafrán, vainilla, cuero y maderas oscuras. Representa poder y sofisticación árabe, ideal para noches o clima templado/frío. Palabras clave: qaed al fursan, lattafa, piña, vainilla, cuero, amaderado, elegante, intenso, unisex, DUVON.""",100 ml | 50 ml,119.9 | 74.9,1000 | 1000,https://memoriaback.iamhuble.space/n8nback/MKMVP8HUJ6ZBXP.png
Santal 33 - Le Labo,"""Genero: Unisex ; Usos recomendados: Diario / Oficina / Formal ; Familia: Amaderada ; Subfamilia(s): Amaderado especiado ; Descripción: 🌾 Santal 33 es seca, amaderada y minimalista: sándalo cremoso con iris y cardamomo. Ícono unisex de estilo limpio. ; Metadata: Amaderada–especiada con sándalo, cedro, cardamomo, iris y violeta sobre fondo cuero–almizcle. Proyección lineal y elegante; ideal para oficina, uso diario y climas templados. Palabras clave: santal 33, le labo, sándalo, cardamomo, iris, amaderado, limpio, unisex, DUVON.""",100 ml | 50 ml,119.9 | 74.9,1000 | 1000,https://memoriaback.iamhuble.space/n8nback/MKMVPSFLI779RQ.png
Sauvage - Dior,"""Genero: Caballero ; Usos recomendados: Diario / Oficina / Noche ; Familia: Aromática ; Subfamilia(s): Aromático especiado ; Descripción: 🌿 Sauvage es fresca, potente y magnética. Con bergamota, pimienta y ambroxan, combina elegancia con carácter. ; Metadata: Sauvage es una fragancia aromática–especiada con bergamota, pimienta negra, lavanda y ambroxan. Representa libertad, energía y masculinidad moderna, ideal para uso diario o de noche, con una estela intensa y duradera. Palabras clave: sauvage, dior, fresco, cítrico, especiado, lavanda, ambroxan, elegante, masculino, versátil, DUVON.""",100 ml | 50 ml,119.9 | 74.9,1000 | 1000,https://memoriaback.iamhuble.space/n8nback/MKMVQAWO8TQYNZ.png
Sauvage Elixir - Dior,"""Genero: Caballero ; Usos recomendados: Noche / Formal / Invierno ; Familia: Aromática ; Subfamilia(s): Aromático especiado ; Descripción: 🖤 Sauvage Elixir es poderosa y refinada. Con canela, lavanda y regaliz, ofrece una versión más profunda y cálida del clásico Sauvage. ; Metadata: Sauvage Elixir es una fragancia aromática–especiada con canela, lavanda, regaliz, nuez moscada y ámbar. Transmite madurez, autoridad y elegancia oscura, ideal para noches, clima frío o eventos formales. Proyección intensa y fijación excepcional. Palabras clave: sauvage elixir, dior, lavanda, canela, regaliz, cálido, elegante, intenso, masculino, DUVON.""",100 ml | 50 ml,119.9 | 74.9,1000 | 1000,https://memoriaback.iamhuble.space/n8nback/MKMVR2HQKFVHOO.png
Scandal Absolu (for her) - Jean Paul Gaultier,"""Genero: Dama ; Usos recomendados: Fiesta / Noche / Citas ; Familia: Gourmand ; Subfamilia(s): Oriental gourmand ; Descripción: 💃 Scandal Absolu es dulce, intensa y lujosa. Con miel, jazmín y vainilla, deja una estela cálida y sensual perfecta para la noche. ; Metadata: Scandal Absolu for Her es una fragancia gourmand–floral con miel, jazmín, flor de azahar, vainilla y pachulí. Representa poder femenino y sofisticación parisina, ideal para noche o invierno. Palabras clave: scandal absolu for her, jean paul gaultier, miel, jazmín, vainilla, floral, cálido, dulce, elegante, femenino, DUVON.""",100 ml | 50 ml,119.9 | 74.9,1000 | 1000,https://memoriaback.iamhuble.space/n8nback/MKMVSN4V3WJJ1L.png
Scandal Pour Homme - Jean Paul Gaultier,"""Genero: Caballero ; Usos recomendados: Fiesta / Citas / Noche ; Familia: Oriental / Ámbar ; Subfamilia(s): Oriental gourmand ; Descripción: 🐝 Scandal Pour Homme es dulce, atrevida y poderosa. Combina caramelo, haba tonka y vetiver, dejando una estela irresistible. ; Metadata: Perfume oriental gourmand con caramelo salado, haba tonka y vetiver terroso. Representa fuerza y sensualidad, ideal para citas o fiestas nocturnas. Palabras clave: scandal pour homme, jean paul gaultier, caramelo, tonka, dulce, gourmand, noche, seductor, DUVON.""",100 ml | 50 ml,119.9 | 74.9,1000 | 1000,https://memoriaback.iamhuble.space/n8nback/MKMVTYFWAWUWN2.png
Scandal Pour Homme Absolu - Jean Paul Gaultier,"""Genero: Caballero ; Usos recomendados: Noche / Fiesta / Citas ; Familia: Oriental / Ámbar ; Subfamilia(s): Oriental gourmand ; Descripción: 🥇 Scandal Absolu es dulce, lujosa y atrevida. Con caramelo salado, haba tonka y sándalo, deja una huella irresistible. ; Metadata: Scandal Pour Homme Absolu es una fragancia oriental–gourmand con caramelo salado, tonka, vetiver y sándalo. Evoca lujo y confianza, ideal para noches especiales, eventos o climas fríos. Palabras clave: scandal pour homme absolu, jean paul gaultier, caramelo, tonka, dulce, cálido, elegante, intenso, masculino, DUVON.""",100 ml | 50 ml,119.9 | 74.9,1000 | 1000,https://memoriaback.iamhuble.space/n8nback/MKMVULINXQGZWO.png
Scandal Woman - Jean Paul Gaultier,"""Genero: Dama ; Usos recomendados: Fiesta / Noche / Citas ; Familia: Gourmand ; Subfamilia(s): Oriental gourmand ; Descripción: 💃 Scandal Woman es dulce, adictiva y atrevida. Con miel, gardenia y naranja sanguina, irradia confianza y sensualidad. ; Metadata: Scandal Woman es una fragancia gourmand–floral con miel, gardenia, jazmín, flor de azahar y pachulí. Representa poder femenino y sensualidad moderna, ideal para noches o climas fríos. Su fijación es excelente. Palabras clave: scandal woman, jean paul gaultier, miel, gardenia, floral, dulce, cálido, intenso, femenino, DUVON.""",100 ml | 50 ml,119.9 | 74.9,1000 | 1000,https://memoriaback.iamhuble.space/n8nback/MKMVWJ6D644YYF.png
Starwalker - Montblanc,"""Genero: Caballero ; Usos recomendados: Diario / Casual / Oficina ; Familia: Amaderada ; Subfamilia(s): Amaderado especiado ; Descripción: 🌌 Starwalker es limpia y elegante. Su combinación de bambú, bergamota y jengibre crea un aroma moderno y sofisticado, ideal para el día a día. ; Metadata: Starwalker es una fragancia amaderada–especiada con bambú, jengibre, bergamota y almizcle blanco. Transmite modernidad, serenidad y estilo minimalista, ideal para oficina, uso diario o climas templados. Palabras clave: starwalker, montblanc, jengibre, bambú, fresco, elegante, moderno, limpio, diario, DUVON.""",100 ml | 50 ml,119.9 | 74.9,1000 | 1000,https://memoriaback.iamhuble.space/n8nback/MKMVVFS1O00NDC.png
Sweet Like Candy - Ariana Grande,"""Genero: Dama ; Usos recomendados: Diario / Citas / Casual ; Familia: Gourmand ; Subfamilia(s): Oriental avainillado ; Descripción: 🍓 Sweet Like Candy es dulce, cremosa y coqueta. Con moras, crema batida y vainilla, deja un aroma delicioso y tierno. ; Metadata: Sweet Like Candy es una fragancia gourmand–frutal con mora, pera, crema batida, vainilla y almizcle. Representa alegría y dulzura juvenil, ideal para día o climas templados. Palabras clave: sweet like candy, ariana grande, mora, vainilla, crema batida, dulce, gourmand, femenino, DUVON.""",100 ml | 50 ml,119.9 | 74.9,1000 | 1000,https://memoriaback.iamhuble.space/n8nback/MKMVXBJJFLKISC.png
Tobacco Vanille - Tom Ford,"""Genero: Unisex ; Usos recomendados: Noche / Invierno / Citas ; Familia: Gourmand ; Subfamilia(s): Oriental avainillado ; Descripción: 🍂 Tobacco Vanille es gourmand y lujosa: tabaco dulce con vainilla cremosa, especias y cacao. Abrazo cálido e irresistible. ; Metadata: Oriental–gourmand con tabaco, vainilla, cacao, canela/clavo, tonka y maderas. Densa, envolvente y de larga duración; ideal para noches frías y ocasiones formales. Palabras clave: tobacco vanille, tom ford, tabaco, vainilla, cacao, cálido, dulce, unisex, DUVON.""",100 ml | 50 ml,119.9 | 74.9,1000 | 1000,https://memoriaback.iamhuble.space/n8nback/MKMVXX2E4NIG3U.png
Tommy - Tommy Hilfiger,"""Genero: Caballero ; Usos recomendados: Diario / Casual / Verano ; Familia: Aromática ; Subfamilia(s): Cítrico aromático ; Descripción: ⚓ Tommy es fresca, juvenil y libre. Con lavanda, menta y arándano, transmite energía y optimismo, perfecta para el día. ; Metadata: Tommy es una fragancia cítrica–aromática con menta, lavanda, pomelo y arándano. Evoca juventud, libertad y frescura americana, ideal para uso diario, climas cálidos o rutina de oficina. Su estela es ligera y versátil. Palabras clave: tommy, tommy hilfiger, lavanda, menta, cítrico, fresco, juvenil, diario, natural, DUVON.""",100 ml | 50 ml,119.9 | 74.9,1000 | 1000,https://memoriaback.iamhuble.space/n8nback/MKMVYXX5CBHDO4.png
Toy 2 Pearl - Moschino,"""Genero: Unisex ; Usos recomendados: Casual / Diario / Verano ; Familia: Floral ; Subfamilia(s): Floral frutal ; Descripción: 🐚 Toy 2 Pearl es luminosa y suave: cítricos brillantes con flores cremosas y almizcle. Limpia, juvenil y elegante. ; Metadata: Floral–almizclada cítrica con limón, orquídea, fresia y fondo de almizcle blanco y maderas claras. Sensación jabonosa–pulcra con estela suave/media; ideal para día, primavera/verano y oficina. Palabras clave: toy 2 pearl, moschino, cítrico, floral, almizcle, limpio, fresco, unisex, DUVON.""",100 ml | 50 ml,119.9 | 74.9,1000 | 1000,https://memoriaback.iamhuble.space/n8nback/MKMVZMAC8MR2T0.png
Toy Boy - Moschino,"""Genero: Caballero ; Usos recomendados: Noche / Fiesta / Citas ; Familia: Floral ; Subfamilia(s): Floral especiado ; Descripción: 🧸 Toy Boy es floral y especiada, moderna y provocadora. Combina rosa, pimienta y vetiver en un aroma único. ; Metadata: Toy Boy es una fragancia floral–especiada con rosa, pimienta rosa, magnolia, vetiver y clavo. Es atrevida, elegante y carismática, ideal para noches, citas o eventos modernos. Palabras clave: toy boy, moschino, rosa, vetiver, floral, especiado, moderno, elegante, provocador, DUVON.""",100 ml | 50 ml,119.9 | 74.9,1000 | 1000,https://memoriaback.iamhuble.space/n8nback/MKMW05ZZEYGUBD.png
Ultra Male - Jean Paul Gaultier,"""Genero: Caballero ; Usos recomendados: Fiesta / Noche / Citas ; Familia: Oriental / Ámbar ; Subfamilia(s): Oriental gourmand ; Descripción: 💘 Ultra Male es dulce, intensa y adictiva. Con pera, vainilla y canela, es perfecta para destacar en la noche. ; Metadata: Ultra Male es una fragancia oriental–gourmand con pera, vainilla, canela y lavanda. Es más dulce y provocadora que el clásico Le Male, ideal para fiestas, citas o climas fríos. Su proyección es fuerte y duradera. Palabras clave: ultra male, jean paul gaultier, pera, vainilla, canela, dulce, cálido, intenso, seductor, DUVON.""",100 ml | 50 ml,119.9 | 74.9,1000 | 1000,https://memoriaback.iamhuble.space/n8nback/MKMW0SEBLHYWT0.png
Valentino Donna Born in Roma Green Stravaganza - Valentino,"""Genero: Dama ; Usos recomendados: Verano / Casual / Diario ; Familia: Floral ; Subfamilia(s): Floral verde ; Descripción: 🌿 Valentino Donna Born in Roma Green Stravaganza es fresca, elegante y moderna. Con té verde y vainilla, combina vitalidad y sofisticación. ; Metadata: Valentino Donna Born in Roma Green Stravaganza es una fragancia floral–verde con té verde, rosa, jazmín, vainilla y musgo. Representa energía refinada y feminidad natural, ideal para día, oficina o clima templado. Palabras clave: valentino donna born in roma green stravaganza, té verde, vainilla, floral, fresco, elegante, moderno, femenino, DUVON.""",100 ml | 50 ml,119.9 | 74.9,1000 | 1000,
Valentino Uomo - Valentino,"""Genero: Caballero ; Usos recomendados: Oficina / Formal / Noche ; Familia: Oriental / Ámbar ; Subfamilia(s): Oriental cuero ; Descripción: 👔 Valentino Uomo es clásica, cálida y refinada. Con cuero, café y avellana, proyecta elegancia italiana atemporal. ; Metadata: Valentino Uomo es una fragancia oriental–cuero con avellana, café tostado, cuero y cedro. Proyecta sofisticación masculina y lujo discreto, ideal para oficina, cenas o noches elegantes. Su estela es suave, cremosa y duradera. Palabras clave: valentino uomo, cuero, café, avellana, cálido, elegante, formal, clásico, masculino, DUVON.""",100 ml | 50 ml,119.9 | 74.9,1000 | 1000,https://memoriaback.iamhuble.space/n8nback/MKMW1R3GN87I11.png
Valentino Uomo Born in Roma Intense - Valentino,"""Genero: Caballero ; Usos recomendados: Noche / Citas / Invierno ; Familia: Oriental / Ámbar ; Subfamilia(s): Oriental especiado ; Descripción: 🖤 Valentino Uomo Born in Roma Intense es cálida, elegante y seductora. Con vainilla, lavanda y vetiver, equilibra dulzura y masculinidad con estilo italiano. ; Metadata: Valentino Uomo Born in Roma Intense es una fragancia oriental–ámbar con vainilla, lavanda, vetiver y iris. Proyecta sofisticación moderna y sensualidad profunda, ideal para noches, citas o eventos elegantes. Su estela es envolvente y duradera, con un fondo dulce y elegante. Palabras clave: valentino uomo born in roma intense, vainilla, lavanda, vetiver, cálido, dulce, elegante, moderno, masculino, DUVON.""",100 ml | 50 ml,119.9 | 74.9,1000 | 1000,https://memoriaback.iamhuble.space/n8nback/MKMW2DIX0MBDZ8.png
Very Good Girl - Carolina Herrera,"""Genero: Dama ; Usos recomendados: Fiesta / Noche / Citas ; Familia: Frutal ; Subfamilia(s): Floral frutal ; Descripción: 👠 Very Good Girl es dulce, elegante y moderna. Con rosa, lichi y vainilla, combina sofisticación y ternura femenina. ; Metadata: Very Good Girl es una fragancia floral–afrutada con lichi, rosa, vainilla y vetiver. Representa fuerza y dulzura, ideal para día o noche, citas o eventos. Palabras clave: very good girl, carolina herrera, lichi, rosa, vainilla, floral, dulce, elegante, moderno, femenino, DUVON.""",100 ml | 50 ml,119.9 | 74.9,1000 | 1000,https://memoriaback.iamhuble.space/n8nback/MKMW6BZQ31C24B.png
Very Good Girl Blush - Carolina Herrera,"""Genero: Dama ; Usos recomendados: Verano / Casual / Diario ; Familia: Floral ; Subfamilia(s): Floral frutal ; Descripción: 🌷 Very Good Girl Blush es romántica, fresca y elegante. Con rosa y vainilla suave, es dulce sin ser pesada. ; Metadata: Very Good Girl Blush es una fragancia floral–afrutada con rosa, peonía, lichi y vainilla. Transmite delicadeza y feminidad moderna, ideal para día, oficina o climas templados. Palabras clave: very good girl blush, carolina herrera, rosa, peonía, lichi, floral, fresco, romántico, femenino, DUVON.""",100 ml | 50 ml,119.9 | 74.9,1000 | 1000,
Yara - Lattafa,"""Genero: Dama ; Usos recomendados: Diario / Casual / Verano ; Familia: Gourmand ; Subfamilia(s): Floral avainillado ; Descripción: 🩷 Yara es dulce, cremosa y encantadora. Con vainilla, frutas y flores suaves, deja una sensación cálida y femenina. ; Metadata: Yara es una fragancia oriental–gourmand con vainilla, coco, jazmín, frutas tropicales y almizcle. Evoca romanticismo árabe y dulzura moderna, ideal para día o noche. Palabras clave: yara, lattafa, vainilla, coco, floral, dulce, cálido, suave, femenino, DUVON.""",100 ml | 50 ml,119.9 | 74.9,1000 | 1000,https://memoriaback.iamhuble.space/n8nback/MKMW76V8J1JPJD.png
Yara Candy - Lattafa,"""Genero: Dama ; Usos recomendados: Diario / Casual / Verano ; Familia: Gourmand ; Subfamilia(s): Floral frutal ; Descripción: 🍬 Yara Candy es dulce, cremosa y divertida. Con notas de algodón de azúcar, vainilla y frutas, irradia ternura y alegría. ; Metadata: Yara Candy es una fragancia gourmand–floral con algodón de azúcar, vainilla, almizcle, coco y flores blancas. Representa dulzura juvenil y calidez moderna, ideal para día o climas templados. Palabras clave: yara candy, lattafa, algodón de azúcar, vainilla, floral, dulce, gourmand, juvenil, femenino, DUVON.""",100 ml | 50 ml,119.9 | 74.9,1000 | 1000,https://memoriaback.iamhuble.space/n8nback/MKMW7ORSW6FIMK.png
Yum Boujee Marshmallow 81 - Kayali,"""Genero: Dama ; Usos recomendados: Casual / Diario / Citas ; Familia: Gourmand ; Subfamilia(s): Oriental gourmand ; Descripción: ☁️ Yum Boujee Marshmallow 81 es dulce, cremoso y sofisticado. Con malvavisco, vainilla y crema batida, deja un aroma adictivo y reconfortante. ; Metadata: Yum Boujee Marshmallow 81 de Kayali es una fragancia gourmand–avainillada con malvavisco, vainilla, praliné, almizcle y crema batida. Transmite dulzura moderna y lujo acogedor, ideal para noche o climas fríos. Palabras clave: yum boujee marshmallow 81, kayali, malvavisco, vainilla, praliné, gourmand, dulce, cálido, elegante, femenino, DUVON.""",100 ml | 50 ml,119.9 | 74.9,1000 | 1000,https://memoriaback.iamhuble.space/n8nback/MKMW8B7N5JVYWO.png
Sol de Janeiro 62 - Sol de Janeiro,"""Genero: Dama ; Usos recomendados: Diario/Casual/Verano ; Familia: Gourmand ; Subfamilia(s): Gourmand dulce ; Descripción: 🌞 Sol de Janeiro 62 es una fragancia cálida, dulce y envolvente. El pistacho y la almendra abren con un toque cremoso y adictivo, mientras el caramelo salado y la vainilla se funden sobre la piel dejando un aroma delicioso, sensual y reconfortante. ; Metadata: Sol de Janeiro Cheirosa 62 es una fragancia gourmand–cálida con pistacho, almendra, caramelo salado y vainilla, envuelta en un fondo cremoso y sensual. Evoca piel besada por el sol, verano eterno y dulzura sofisticada, logrando un aroma adictivo, femenino y muy halagador. Ideal para uso diario, salidas casuales o citas, especialmente en climas templados a cálidos, donde su estela brilla sin empalagar. Palabras clave: sol de janeiro 62, cheirosa 62, pistacho, caramelo salado, vainilla, gourmand, dulce, cálido, cremoso, sensual, femenino, DUVON.""",100 ml | 50 ml,119.9 | 74.9,1000 | 1000,
Lost Cherry - Tom Ford,"""Genero: Unisex ; Usos recomendados: Noche / Oficina / Invierno ; Familia: Orientall/ Floral ; Subfamilia(s): Gourmand frutal ; Descripción: 🍒 Lost Cherry es intensa y seductora: una cereza jugosa y licorosa se funde con almendra amarga, vainilla y maderas cálidas.  Palabras clave: lost cherry, tom ford, cereza, gourmand, frutal, dulce, sensual, elegante, nocturno, unisex, DUVON.""",100 ml | 50 ml,119.9 | 74.9,1000 | 1000,
